{
    "averge_document_length": {
        "stars": 6.193112761647535,
        "genres": 2.723835246455098,
        "summaries": 373.0925050641458
    },
    "document_count": 1481
}